epoca,treino_loss,treino_acc,val_loss,val_acc
1,1.7249712686451666,0.7562555195760966,0.3732275457765421,0.9741100323624595
2,0.2589422687559153,0.9793935825728584,0.22267666696987748,0.9795037756202805
3,0.16163830527986958,0.9817486017073889,0.19519274600227932,0.9795037756202805
4,0.12198022557140134,0.983809243450103,0.18339628237977768,0.9762675296655879
5,0.09496036868499663,0.9885192817191639,0.19282909853237218,0.9762675296655879
6,0.0761242645946467,0.9911686782455107,0.18569322079902328,0.9784250269687162
7,0.06639509531182684,0.9914630556373271,0.18908526320633315,0.9751887810140237
8,0.06068001551104532,0.9926405652045923,0.18744251923685834,0.9773462783171522
9,0.05330164534908061,0.9938180747718576,0.18852606332361568,0.9762675296655879
